{
  "random_forest": {
    "RMSE": 117.75454892357321,
    "MAE": 82.65925291549432,
    "R2": 0.5219710175160359,
    "MAPE": 47.29851734402944
  },
  "gradient_boosting": {
    "RMSE": 113.03831689854388,
    "MAE": 80.01948139679729,
    "R2": 0.5594956445967482,
    "MAPE": 47.296886417288064
  },
  "mlp": {
    "RMSE": 117.04477711079895,
    "MAE": 83.56368462821591,
    "R2": 0.5277163403382328,
    "MAPE": 46.7593746591701
  },
  "xgboost": {
    "RMSE": 117.36020850521811,
    "MAE": 80.9509470737002,
    "R2": 0.5251673358370434,
    "MAPE": 46.45637299982533
  },
  "lightgbm": {
    "RMSE": 120.11905820516631,
    "MAE": 84.12683014784099,
    "R2": 0.5025806463020558,
    "MAPE": 47.788251273861356
  }
}