{
  "RMSE": 118.32053590114643,
  "MAE": 84.91650606447512,
  "R2": 0.517364683406474,
  "MAPE": 49.57185761623097,
  "test_rmse": 118.32053590114643,
  "test_r2": 0.517364683406474,
  "test_mae": 84.91650606447512,
  "test_mape": 49.57185761623097
}