{
  "RMSE": 118.19458517646076,
  "MAE": 85.14401619163719,
  "R2": 0.5183916549840994,
  "MAPE": 50.00730517615209,
  "test_rmse": 118.19458517646076,
  "test_r2": 0.5183916549840994,
  "test_mae": 85.14401619163719,
  "test_mape": 50.00730517615209,
  "strategy": "FedProx(mu=0.01)",
  "mu": 0.01
}