{
  "RMSE": 118.20890979875924,
  "MAE": 84.80581775300998,
  "R2": 0.5182749106225496,
  "MAPE": 49.44633945258642,
  "test_rmse": 118.20890979875924,
  "test_r2": 0.5182749106225496,
  "test_mae": 84.80581775300998,
  "test_mape": 49.44633945258642,
  "strategy": "FedAvg",
  "mu": 0.0
}