{
  "spearman_corr": 0.9558332698020094,
  "p_value": 5.665669119386766e-47
}